{"cameraMode":{"drawMode":0,"name":"Shaded","section":"Shading Mode"},"sceneLighting":true,"audioPlay":false,"sceneViewState":{"m_AlwaysRefresh":false,"showFog":true,"showSkybox":true,"showFlares":true,"showImageEffects":true,"showParticleSystems":true,"showVisualEffectGraphs":true,"m_FxEnabled":true},"in2DMode":false,"pivot":{"x":13.319948196411133,"y":13.947500228881836,"z":-34.25373458862305},"rotation":{"x":-0.13760696351528169,"y":0.06209828332066536,"z":-0.008434419520199299,"w":-0.9884717464447022},"size":2.3584952354431154,"orthographic":false}