{"cameraMode":{"drawMode":0,"name":"Shaded","section":"Shading Mode"},"sceneLighting":false,"audioPlay":false,"sceneViewState":{"m_AlwaysRefresh":false,"showFog":true,"showSkybox":false,"showFlares":true,"showImageEffects":true,"showParticleSystems":true,"showVisualEffectGraphs":true,"m_FxEnabled":true},"in2DMode":false,"pivot":{"x":-24.767467498779298,"y":9.553977966308594,"z":-63.182918548583987},"rotation":{"x":-0.25909578800201418,"y":-0.06969071179628372,"z":0.018961206078529359,"w":-0.9631213545799255},"size":2.7060647010803224,"orthographic":false}